{"cameraMode":{"drawMode":0,"name":"Shaded","section":"Shading Mode"},"sceneLighting":false,"audioPlay":false,"sceneViewState":{"showFog":false,"showMaterialUpdate":false,"showSkybox":false,"showFlares":false,"showImageEffects":false,"showParticleSystems":false},"in2DMode":false,"pivot":{"x":-4.0294365882873539,"y":7.515135765075684,"z":-1.9626669883728028},"rotation":{"x":-0.0037941911723464729,"y":0.9897187948226929,"z":-0.1404821127653122,"w":-0.026728231459856035},"size":398.33306884765627,"orthographic":false}