{"cameraMode":{"drawMode":0,"name":"Shaded","section":"Shading Mode"},"sceneLighting":true,"audioPlay":false,"sceneViewState":{"showFog":false,"showMaterialUpdate":false,"showSkybox":false,"showFlares":false,"showImageEffects":false,"showParticleSystems":false},"in2DMode":false,"pivot":{"x":31.499597549438478,"y":3.3079986572265627,"z":6.990000247955322},"rotation":{"x":-0.20249640941619874,"y":-0.06106545403599739,"z":0.012652726843953133,"w":-0.977295994758606},"size":112.28030395507813,"orthographic":false}