{"cameraMode":{"drawMode":0,"name":"Shaded","section":"Shading Mode"},"sceneLighting":false,"audioPlay":false,"sceneViewState":{"showFog":false,"showMaterialUpdate":false,"showSkybox":false,"showFlares":false,"showImageEffects":false,"showParticleSystems":false},"in2DMode":false,"pivot":{"x":8.868926048278809,"y":5.524188041687012,"z":-0.6049365997314453},"rotation":{"x":0.21330872178077699,"y":-0.6034660339355469,"z":0.17189569771289826,"w":0.7488526105880737},"size":34.134376525878909,"orthographic":false}