{"cameraMode":{"drawMode":0,"name":"Shaded","section":"Shading Mode"},"sceneLighting":false,"audioPlay":false,"sceneViewState":{"showFog":false,"showMaterialUpdate":false,"showSkybox":false,"showFlares":false,"showImageEffects":false,"showParticleSystems":false},"in2DMode":false,"pivot":{"x":59.805694580078128,"y":5.006495475769043,"z":31.939411163330079},"rotation":{"x":-0.148175910115242,"y":-0.03352110832929611,"z":0.005025381222367287,"w":-0.9883815050125122},"size":19.606351852416993,"orthographic":false}