{"cameraMode":{"drawMode":0,"name":"Shaded","section":"Shading Mode"},"sceneLighting":true,"audioPlay":false,"sceneViewState":{"showFog":false,"showMaterialUpdate":false,"showSkybox":false,"showFlares":false,"showImageEffects":false,"showParticleSystems":false},"in2DMode":false,"pivot":{"x":38.41905975341797,"y":19.03557777404785,"z":16.88252067565918},"rotation":{"x":-0.6145450472831726,"y":-0.0018958387663587928,"z":0.00147656025364995,"w":-0.7888809442520142},"size":68.22020721435547,"orthographic":false}