{"cameraMode":{"drawMode":0,"name":"Shaded","section":"Shading Mode"},"sceneLighting":false,"audioPlay":false,"sceneViewState":{"showFog":false,"showMaterialUpdate":false,"showSkybox":false,"showFlares":false,"showImageEffects":false,"showParticleSystems":false},"in2DMode":false,"pivot":{"x":51.342735290527347,"y":4.920740127563477,"z":32.40190124511719},"rotation":{"x":-0.148175910115242,"y":-0.03352110832929611,"z":0.005025381222367287,"w":-0.9883815050125122},"size":9.970320701599121,"orthographic":false}