{"cameraMode":{"drawMode":0,"name":"Shaded","section":"Shading Mode"},"sceneLighting":false,"audioPlay":false,"sceneViewState":{"showFog":false,"showMaterialUpdate":false,"showSkybox":false,"showFlares":false,"showImageEffects":false,"showParticleSystems":false},"in2DMode":false,"pivot":{"x":16.346683502197267,"y":1.9522333145141602,"z":17.716445922851564},"rotation":{"x":0.09422944486141205,"y":0.05224186182022095,"z":-0.004951591603457928,"w":0.9941666126251221},"size":5.490011215209961,"orthographic":false}