{"cameraMode":{"drawMode":0,"name":"Shaded","section":"Shading Mode"},"sceneLighting":false,"audioPlay":false,"sceneViewState":{"showFog":false,"showMaterialUpdate":false,"showSkybox":false,"showFlares":false,"showImageEffects":false,"showParticleSystems":false},"in2DMode":false,"pivot":{"x":59.900001525878909,"y":5.036569118499756,"z":32.099998474121097},"rotation":{"x":-0.18951992690563203,"y":0.42312878370285036,"z":-0.09098754823207855,"w":-0.8813436627388},"size":71.3095932006836,"orthographic":false}